<application>
  <component name="aws">
    <option name="promptedForTelemetry" value="true" />
  </component>
  <component name="codewhispererAutotriggerStates">
    <option name="classifierGroup" value="false" />
  </component>
  <component name="executables">
    <option name="value">
      <list>
        <ExecutableState>
          <option name="autoResolved" value="true" />
          <option name="executablePath" value="C:\Program Files\Amazon\AWSSAMCLI\bin\sam.cmd" />
          <option name="id" value="samCli" />
          <option name="lastKnownFileTime" value="1682593234000" />
        </ExecutableState>
      </list>
    </option>
  </component>
</application>