<application>
  <component name="DiffManager" COMPARISON_POLICY="Ignore spaces" />
  <component name="DiffSettings">
    <option name="PLACES_MAP">
      <entry key="Default">
        <PlaceSettings>
          <option name="DIFF_TOOLS_ORDER">
            <list>
              <option value="com.intellij.diff.tools.simple.SimpleDiffTool" />
              <option value="com.intellij.diff.tools.fragmented.UnifiedDiffTool" />
              <option value="com.intellij.diff.tools.binary.BinaryDiffTool" />
              <option value="com.intellij.diff.tools.dir.DirDiffTool" />
              <option value="org.jetbrains.idea.svn.difftool.properties.SvnPropertiesDiffTool" />
              <option value="org.jetbrains.idea.svn.difftool.SvnPhantomChangeDiffRequestProvider.SvnPhantomDiffTool" />
              <option value="org.jetbrains.idea.svn.difftool.SvnTreeConflictDiffRequestProvider.SvnTreeConflictDiffTool" />
            </list>
          </option>
        </PlaceSettings>
      </entry>
    </option>
  </component>
  <component name="ExternalDiffSettings">
    <option name="MIGRATE_OLD_SETTINGS" value="true" />
  </component>
  <component name="SvnDiffSettings">
    <option name="PLACES_MAP">
      <entry key="Default">
        <PlaceSettings>
          <option name="SPLITTER_PROPORTION" value="0.98078865" />
        </PlaceSettings>
      </entry>
    </option>
  </component>
  <component name="TextDiffSettings">
    <option name="PLACES_MAP">
      <entry key="CommitDialog">
        <PlaceSettings>
          <option name="EXPAND_BY_DEFAULT" value="false" />
          <option name="READ_ONLY_LOCK" value="false" />
        </PlaceSettings>
      </entry>
      <entry key="Default">
        <PlaceSettings>
          <option name="HIGHLIGHT_POLICY" value="BY_LINE" />
          <option name="USE_SOFT_WRAPS" value="true" />
        </PlaceSettings>
      </entry>
    </option>
  </component>
</application>