<application>
  <component name="FileTypeManager" version="18">
    <extensionMap>
      <mapping pattern="HktvImageService" type="CLASS" />
      <mapping ext="space.kts" type="Kotlin" />
      <mapping ext="gradle.kts" type="Kotlin" />
      <mapping ext="main.kts" type="Kotlin" />
      <mapping pattern=".svnignore" type="PLAIN_TEXT" />
      <mapping ext="impex" type="PLAIN_TEXT" />
      <mapping ext="abc" type="PLAIN_TEXT" />
      <removed_mapping ext="apk" approved="true" type="ARCHIVE" />
      <removed_mapping ext="psd" approved="true" type="Image" />
      <removed_mapping pattern="AmazonConfig.java" approved="true" type="AUTO_DETECTED" />
      <removed_mapping pattern="AmazonS3Data.java" approved="true" type="AUTO_DETECTED" />
      <removed_mapping pattern="PAYMENT-231.sql" approved="true" type="AUTO_DETECTED" />
    </extensionMap>
  </component>
</application>