<application>
  <component name="FindSettings">
    <option name="customScope" value="All Places" />
    <option name="defaultScopeName" value="All Places" />
    <option name="SEARCH_SCOPE" value="All Places" />
    <mask>*.html</mask>
    <mask>*.as</mask>
    <mask>*.css</mask>
    <mask>*.mxml</mask>
    <mask>*xml</mask>
    <mask>*.jsp</mask>
    <mask>product*.tag</mask>
    <mask>*.tag</mask>
    <mask>*controller*.java</mask>
    <mask>*Controller.java</mask>
    <mask>*Hktv*.java</mask>
    <mask>*Controller*.java</mask>
    <mask>*.js</mask>
    <mask>*.javal</mask>
    <mask>*.froovy</mask>
    <mask>*</mask>
    <mask>*.jrmxl</mask>
    <mask>*.jrxml</mask>
    <mask>.jav</mask>
    <mask>*.sql</mask>
    <mask>*.groovy</mask>
    <mask>*.properties</mask>
    <mask>*.xml</mask>
    <mask>*.impex</mask>
    <mask>*.java</mask>
  </component>
</application>