<application>
  <component name="ExternalResourceManagerImpl">
    <resource url="http://cxf.apache.org/schemas/configuration/cxf-beans.xsd" location="C:/work/hybris/bin/ext-print/print/lib/cxf-common-utilities-2.4.2.jar!/schemas/configuration/cxf-beans.xsd" />
    <resource url="http://cxf.apache.org/schemas/configuration/http-conf.xsd" location="C:/work/hybris/bin/ext-print/print/lib/cxf-rt-transports-http-2.4.2.jar!/schemas/configuration/http-conf.xsd" />
    <resource url="http://cxf.apache.org/schemas/configuration/parameterized-types.xsd" location="C:/work/hybris/bin/ext-print/print/lib/cxf-api-2.4.2.jar!/schemas/configuration/parameterized-types.xsd" />
    <resource url="http://cxf.apache.org/schemas/configuration/security.xsd" location="C:/work/hybris/bin/ext-print/print/lib/cxf-api-2.4.2.jar!/schemas/configuration/security.xsd" />
    <resource url="http://cxf.apache.org/schemas/configuration/soap.xsd" location="C:/work/hybris/bin/ext-print/print/lib/cxf-rt-bindings-soap-2.4.2.jar!/schemas/configuration/soap.xsd" />
    <resource url="http://cxf.apache.org/schemas/core.xsd" location="C:/work/hybris/bin/ext-print/print/lib/cxf-rt-core-2.4.2.jar!/schemas/core.xsd" />
    <resource url="http://cxf.apache.org/schemas/jaxws.xsd" location="C:/work/hybris/bin/ext-print/print/lib/cxf-rt-frontend-jaxws-2.4.2.jar!/schemas/jaxws.xsd" />
    <resource url="http://cxf.apache.org/schemas/simple.xsd" location="C:/work/hybris/bin/ext-print/print/lib/cxf-rt-frontend-simple-2.4.2.jar!/schemas/simple.xsd" />
    <resource url="http://cxf.apache.org/schemas/ws/addressing.xsd" location="C:/work/hybris/bin/ext-print/print/lib/cxf-rt-ws-addr-2.4.2.jar!/schemas/ws-addr-conf.xsd" />
    <resource url="http://cxf.apache.org/schemas/wsdl/http-conf.xsd" location="C:/work/hybris/bin/ext-print/print/lib/cxf-rt-transports-http-2.4.2.jar!/schemas/wsdl/http-conf.xsd" />
    <resource url="http://jax-ws.dev.java.net/spring/core.xsd" location="C:/work/hybris/bin/ext-hktv/hktvstorefront/web/webroot/WEB-INF/lib/jaxws-spring-1.9.jar!/spring-jax-ws-core.xsd" />
    <resource url="http://jax-ws.dev.java.net/spring/local-transport.xsd" location="C:/work/hybris/bin/ext-hktv/hktvstorefront/web/webroot/WEB-INF/lib/jaxws-spring-1.9.jar!/spring-jax-ws-local-transport.xsd" />
    <resource url="http://jax-ws.dev.java.net/spring/servlet.xsd" location="C:/work/hybris/bin/ext-hktv/hktvstorefront/web/webroot/WEB-INF/lib/jaxws-spring-1.9.jar!/spring-jax-ws-servlet.xsd" />
    <resource url="http://jax-ws.java.net/spring/core.xsd" location="C:/work/hybris/bin/ext-hktv/hktvstorefront/web/webroot/WEB-INF/lib/jaxws-spring-1.9.jar!/spring-jax-ws-core.xsd" />
    <resource url="http://jax-ws.java.net/spring/local-transport.xsd" location="C:/work/hybris/bin/ext-hktv/hktvstorefront/web/webroot/WEB-INF/lib/jaxws-spring-1.9.jar!/spring-jax-ws-local-transport.xsd" />
    <resource url="http://jax-ws.java.net/spring/servlet.xsd" location="C:/work/hybris/bin/ext-hktv/hktvstorefront/web/webroot/WEB-INF/lib/jaxws-spring-1.9.jar!/spring-jax-ws-servlet.xsd" />
    <resource url="http://schemas.xmlsoap.org/ws/2004/08/addressing" location="C:/work/hybris/bin/ext-print/print/lib/cxf-api-2.4.2.jar!/schemas/wsdl/addressing.xsd" />
    <resource url="http://schemas.xmlsoap.org/wsdl/" location="C:/work/hybris/bin/ext-print/print/lib/cxf-api-2.4.2.jar!/schemas/wsdl/wsdl.xsd" />
    <resource url="http://schemas.xmlsoap.org/wsdl/2003-02-11.xsd" location="C:/work/hybris/bin/ext-print/print/lib/cxf-api-2.4.2.jar!/schemas/wsdl/wsdl.xsd" />
    <resource url="http://schemas.xmlsoap.org/wsdl/http/" location="C:/work/hybris/bin/ext-print/print/lib/cxf-api-2.4.2.jar!/schemas/wsdl/http.xsd" />
    <resource url="http://www.springframework.org/schema/aop/spring-aop-2.0.xsd" location="C:/work/hybris/bin/platform/ext/core/lib/spring-aop-3.2.8.RELEASE.jar!/org/springframework/aop/config/spring-aop-2.0.xsd" />
    <resource url="http://www.springframework.org/schema/aop/spring-aop-2.5.xsd" location="C:/work/hybris/bin/platform/ext/core/lib/spring-aop-3.2.8.RELEASE.jar!/org/springframework/aop/config/spring-aop-2.5.xsd" />
    <resource url="http://www.springframework.org/schema/aop/spring-aop-3.0.xsd" location="C:/work/hybris/bin/platform/ext/core/lib/spring-aop-3.2.8.RELEASE.jar!/org/springframework/aop/config/spring-aop-3.0.xsd" />
    <resource url="http://www.springframework.org/schema/aop/spring-aop-3.1.xsd" location="C:/work/hybris/bin/platform/ext/core/lib/spring-aop-3.2.8.RELEASE.jar!/org/springframework/aop/config/spring-aop-3.1.xsd" />
    <resource url="http://www.springframework.org/schema/aop/spring-aop-3.2.xsd" location="C:/work/hybris/bin/platform/ext/core/lib/spring-aop-3.2.8.RELEASE.jar!/org/springframework/aop/config/spring-aop-3.2.xsd" />
    <resource url="http://www.springframework.org/schema/aop/spring-aop.xsd" location="C:/work/hybris/bin/platform/ext/core/lib/spring-aop-3.2.8.RELEASE.jar!/org/springframework/aop/config/spring-aop-3.2.xsd" />
    <resource url="http://www.springframework.org/schema/beans/spring-beans-2.0.xsd" location="C:/work/hybris/bin/platform/ext/core/lib/spring-beans-3.2.8.RELEASE.jar!/org/springframework/beans/factory/xml/spring-beans-2.0.xsd" />
    <resource url="http://www.springframework.org/schema/beans/spring-beans-2.5.xsd" location="C:/work/hybris/bin/platform/ext/core/lib/spring-beans-3.2.8.RELEASE.jar!/org/springframework/beans/factory/xml/spring-beans-2.5.xsd" />
    <resource url="http://www.springframework.org/schema/beans/spring-beans-3.0.xsd" location="C:/work/hybris/bin/platform/ext/core/lib/spring-beans-3.2.8.RELEASE.jar!/org/springframework/beans/factory/xml/spring-beans-3.0.xsd" />
    <resource url="http://www.springframework.org/schema/beans/spring-beans-3.1.xsd" location="C:/work/hybris/bin/platform/ext/core/lib/spring-beans-3.2.8.RELEASE.jar!/org/springframework/beans/factory/xml/spring-beans-3.1.xsd" />
    <resource url="http://www.springframework.org/schema/beans/spring-beans-3.2.xsd" location="C:/work/hybris/bin/platform/ext/core/lib/spring-beans-3.2.8.RELEASE.jar!/org/springframework/beans/factory/xml/spring-beans-3.2.xsd" />
    <resource url="http://www.springframework.org/schema/beans/spring-beans.xsd" location="C:/work/hybris/bin/platform/ext/core/lib/spring-beans-3.2.8.RELEASE.jar!/org/springframework/beans/factory/xml/spring-beans-3.2.xsd" />
    <resource url="http://www.springframework.org/schema/cache/spring-cache-3.1.xsd" location="C:/work/hybris/bin/platform/ext/core/lib/spring-context-3.2.8.RELEASE.jar!/org/springframework/cache/config/spring-cache-3.1.xsd" />
    <resource url="http://www.springframework.org/schema/cache/spring-cache-3.2.xsd" location="C:/work/hybris/bin/platform/ext/core/lib/spring-context-3.2.8.RELEASE.jar!/org/springframework/cache/config/spring-cache-3.2.xsd" />
    <resource url="http://www.springframework.org/schema/cache/spring-cache.xsd" location="C:/work/hybris/bin/platform/ext/core/lib/spring-context-3.2.8.RELEASE.jar!/org/springframework/cache/config/spring-cache-3.2.xsd" />
    <resource url="http://www.springframework.org/schema/context/spring-context-2.5.xsd" location="C:/work/hybris/bin/platform/ext/core/lib/spring-context-3.2.8.RELEASE.jar!/org/springframework/context/config/spring-context-2.5.xsd" />
    <resource url="http://www.springframework.org/schema/context/spring-context-3.0.xsd" location="C:/work/hybris/bin/platform/ext/core/lib/spring-context-3.2.8.RELEASE.jar!/org/springframework/context/config/spring-context-3.0.xsd" />
    <resource url="http://www.springframework.org/schema/context/spring-context-3.1.xsd" location="C:/work/hybris/bin/platform/ext/core/lib/spring-context-3.2.8.RELEASE.jar!/org/springframework/context/config/spring-context-3.1.xsd" />
    <resource url="http://www.springframework.org/schema/context/spring-context-3.2.xsd" location="C:/work/hybris/bin/platform/ext/core/lib/spring-context-3.2.8.RELEASE.jar!/org/springframework/context/config/spring-context-3.2.xsd" />
    <resource url="http://www.springframework.org/schema/context/spring-context.xsd" location="C:/work/hybris/bin/platform/ext/core/lib/spring-context-3.2.8.RELEASE.jar!/org/springframework/context/config/spring-context-3.2.xsd" />
    <resource url="http://www.springframework.org/schema/data/mongo/spring-mongo-1.0.xsd" location="C:/work/hybris/bin/ext-platform-optional/gridfsstorage/lib/spring-data-mongodb-1.2.0.RELEASE.jar!/org/springframework/data/mongodb/config/spring-mongo-1.0.xsd" />
    <resource url="http://www.springframework.org/schema/data/mongo/spring-mongo-1.1.xsd" location="C:/work/hybris/bin/ext-platform-optional/gridfsstorage/lib/spring-data-mongodb-1.2.0.RELEASE.jar!/org/springframework/data/mongodb/config/spring-mongo-1.1.xsd" />
    <resource url="http://www.springframework.org/schema/data/mongo/spring-mongo-1.2.xsd" location="C:/work/hybris/bin/ext-platform-optional/gridfsstorage/lib/spring-data-mongodb-1.2.0.RELEASE.jar!/org/springframework/data/mongodb/config/spring-mongo-1.2.xsd" />
    <resource url="http://www.springframework.org/schema/data/mongo/spring-mongo.xsd" location="C:/work/hybris/bin/ext-platform-optional/gridfsstorage/lib/spring-data-mongodb-1.2.0.RELEASE.jar!/org/springframework/data/mongodb/config/spring-mongo-1.2.xsd" />
    <resource url="http://www.springframework.org/schema/data/repository/spring-repository-1.0.xsd" location="C:/work/hybris/bin/ext-platform-optional/gridfsstorage/lib/spring-data-commons-1.5.0.RELEASE.jar!/org/springframework/data/repository/config/spring-repository-1.0.xsd" />
    <resource url="http://www.springframework.org/schema/data/repository/spring-repository-1.4.xsd" location="C:/work/hybris/bin/ext-platform-optional/gridfsstorage/lib/spring-data-commons-1.5.0.RELEASE.jar!/org/springframework/data/repository/config/spring-repository-1.4.xsd" />
    <resource url="http://www.springframework.org/schema/data/repository/spring-repository-1.5.xsd" location="C:/work/hybris/bin/ext-platform-optional/gridfsstorage/lib/spring-data-commons-1.5.0.RELEASE.jar!/org/springframework/data/repository/config/spring-repository-1.5.xsd" />
    <resource url="http://www.springframework.org/schema/data/repository/spring-repository.xsd" location="C:/work/hybris/bin/ext-platform-optional/gridfsstorage/lib/spring-data-commons-1.5.0.RELEASE.jar!/org/springframework/data/repository/config/spring-repository-1.5.xsd" />
    <resource url="http://www.springframework.org/schema/integration/event/spring-integration-event-2.0.xsd" location="C:/work/hybris/bin/platform/ext/core/lib/spring-integration-event-3.0.2.RELEASE.jar!/org/springframework/integration/event/config/spring-integration-event-2.0.xsd" />
    <resource url="http://www.springframework.org/schema/integration/event/spring-integration-event-2.1.xsd" location="C:/work/hybris/bin/platform/ext/core/lib/spring-integration-event-3.0.2.RELEASE.jar!/org/springframework/integration/event/config/spring-integration-event-2.1.xsd" />
    <resource url="http://www.springframework.org/schema/integration/event/spring-integration-event-2.2.xsd" location="C:/work/hybris/bin/platform/ext/core/lib/spring-integration-event-3.0.2.RELEASE.jar!/org/springframework/integration/event/config/spring-integration-event-2.2.xsd" />
    <resource url="http://www.springframework.org/schema/integration/event/spring-integration-event-3.0.xsd" location="C:/work/hybris/bin/platform/ext/core/lib/spring-integration-event-3.0.2.RELEASE.jar!/org/springframework/integration/event/config/spring-integration-event-3.0.xsd" />
    <resource url="http://www.springframework.org/schema/integration/event/spring-integration-event.xsd" location="C:/work/hybris/bin/platform/ext/core/lib/spring-integration-event-3.0.2.RELEASE.jar!/org/springframework/integration/event/config/spring-integration-event-3.0.xsd" />
    <resource url="http://www.springframework.org/schema/integration/feed/spring-integration-feed-2.0.xsd" location="C:/work/hybris/bin/platform/ext/core/lib/spring-integration-feed-3.0.2.RELEASE.jar!/org/springframework/integration/feed/config/spring-integration-feed-2.0.xsd" />
    <resource url="http://www.springframework.org/schema/integration/feed/spring-integration-feed-2.1.xsd" location="C:/work/hybris/bin/platform/ext/core/lib/spring-integration-feed-3.0.2.RELEASE.jar!/org/springframework/integration/feed/config/spring-integration-feed-2.1.xsd" />
    <resource url="http://www.springframework.org/schema/integration/feed/spring-integration-feed-2.2.xsd" location="C:/work/hybris/bin/platform/ext/core/lib/spring-integration-feed-3.0.2.RELEASE.jar!/org/springframework/integration/feed/config/spring-integration-feed-2.2.xsd" />
    <resource url="http://www.springframework.org/schema/integration/feed/spring-integration-feed-3.0.xsd" location="C:/work/hybris/bin/platform/ext/core/lib/spring-integration-feed-3.0.2.RELEASE.jar!/org/springframework/integration/feed/config/spring-integration-feed-3.0.xsd" />
    <resource url="http://www.springframework.org/schema/integration/feed/spring-integration-feed.xsd" location="C:/work/hybris/bin/platform/ext/core/lib/spring-integration-feed-3.0.2.RELEASE.jar!/org/springframework/integration/feed/config/spring-integration-feed-3.0.xsd" />
    <resource url="http://www.springframework.org/schema/integration/file/spring-integration-file-1.0.xsd" location="C:/work/hybris/bin/platform/ext/core/lib/spring-integration-file-3.0.2.RELEASE.jar!/org/springframework/integration/file/config/spring-integration-file-1.0.xsd" />
    <resource url="http://www.springframework.org/schema/integration/file/spring-integration-file-2.0.xsd" location="C:/work/hybris/bin/platform/ext/core/lib/spring-integration-file-3.0.2.RELEASE.jar!/org/springframework/integration/file/config/spring-integration-file-2.0.xsd" />
    <resource url="http://www.springframework.org/schema/integration/file/spring-integration-file-2.1.xsd" location="C:/work/hybris/bin/platform/ext/core/lib/spring-integration-file-3.0.2.RELEASE.jar!/org/springframework/integration/file/config/spring-integration-file-2.1.xsd" />
    <resource url="http://www.springframework.org/schema/integration/file/spring-integration-file-2.2.xsd" location="C:/work/hybris/bin/platform/ext/core/lib/spring-integration-file-3.0.2.RELEASE.jar!/org/springframework/integration/file/config/spring-integration-file-2.2.xsd" />
    <resource url="http://www.springframework.org/schema/integration/file/spring-integration-file-3.0.xsd" location="C:/work/hybris/bin/platform/ext/core/lib/spring-integration-file-3.0.2.RELEASE.jar!/org/springframework/integration/file/config/spring-integration-file-3.0.xsd" />
    <resource url="http://www.springframework.org/schema/integration/file/spring-integration-file.xsd" location="C:/work/hybris/bin/platform/ext/core/lib/spring-integration-file-3.0.2.RELEASE.jar!/org/springframework/integration/file/config/spring-integration-file-3.0.xsd" />
    <resource url="http://www.springframework.org/schema/integration/ftp/spring-integration-ftp-2.0.xsd" location="C:/work/hybris/bin/platform/ext/core/lib/spring-integration-ftp-3.0.2.RELEASE.jar!/org/springframework/integration/ftp/config/spring-integration-ftp-2.0.xsd" />
    <resource url="http://www.springframework.org/schema/integration/ftp/spring-integration-ftp-2.1.xsd" location="C:/work/hybris/bin/platform/ext/core/lib/spring-integration-ftp-3.0.2.RELEASE.jar!/org/springframework/integration/ftp/config/spring-integration-ftp-2.1.xsd" />
    <resource url="http://www.springframework.org/schema/integration/ftp/spring-integration-ftp-2.2.xsd" location="C:/work/hybris/bin/platform/ext/core/lib/spring-integration-ftp-3.0.2.RELEASE.jar!/org/springframework/integration/ftp/config/spring-integration-ftp-2.2.xsd" />
    <resource url="http://www.springframework.org/schema/integration/ftp/spring-integration-ftp-3.0.xsd" location="C:/work/hybris/bin/platform/ext/core/lib/spring-integration-ftp-3.0.2.RELEASE.jar!/org/springframework/integration/ftp/config/spring-integration-ftp-3.0.xsd" />
    <resource url="http://www.springframework.org/schema/integration/ftp/spring-integration-ftp.xsd" location="C:/work/hybris/bin/platform/ext/core/lib/spring-integration-ftp-3.0.2.RELEASE.jar!/org/springframework/integration/ftp/config/spring-integration-ftp-3.0.xsd" />
    <resource url="http://www.springframework.org/schema/integration/groovy/spring-integration-groovy-2.0.xsd" location="C:/work/hybris/bin/platform/ext/core/lib/spring-integration-groovy-3.0.2.RELEASE.jar!/org/springframework/integration/groovy/config/spring-integration-groovy-2.0.xsd" />
    <resource url="http://www.springframework.org/schema/integration/groovy/spring-integration-groovy-2.1.xsd" location="C:/work/hybris/bin/platform/ext/core/lib/spring-integration-groovy-3.0.2.RELEASE.jar!/org/springframework/integration/groovy/config/spring-integration-groovy-2.1.xsd" />
    <resource url="http://www.springframework.org/schema/integration/groovy/spring-integration-groovy-2.2.xsd" location="C:/work/hybris/bin/platform/ext/core/lib/spring-integration-groovy-3.0.2.RELEASE.jar!/org/springframework/integration/groovy/config/spring-integration-groovy-2.2.xsd" />
    <resource url="http://www.springframework.org/schema/integration/groovy/spring-integration-groovy-3.0.xsd" location="C:/work/hybris/bin/platform/ext/core/lib/spring-integration-groovy-3.0.2.RELEASE.jar!/org/springframework/integration/groovy/config/spring-integration-groovy-3.0.xsd" />
    <resource url="http://www.springframework.org/schema/integration/groovy/spring-integration-groovy.xsd" location="C:/work/hybris/bin/platform/ext/core/lib/spring-integration-groovy-3.0.2.RELEASE.jar!/org/springframework/integration/groovy/config/spring-integration-groovy-3.0.xsd" />
    <resource url="http://www.springframework.org/schema/integration/http/spring-integration-http-1.0.xsd" location="C:/work/hybris/bin/platform/ext/core/lib/spring-integration-http-3.0.2.RELEASE.jar!/org/springframework/integration/http/config/spring-integration-http-1.0.xsd" />
    <resource url="http://www.springframework.org/schema/integration/http/spring-integration-http-2.0.xsd" location="C:/work/hybris/bin/platform/ext/core/lib/spring-integration-http-3.0.2.RELEASE.jar!/org/springframework/integration/http/config/spring-integration-http-2.0.xsd" />
    <resource url="http://www.springframework.org/schema/integration/http/spring-integration-http-2.1.xsd" location="C:/work/hybris/bin/platform/ext/core/lib/spring-integration-http-3.0.2.RELEASE.jar!/org/springframework/integration/http/config/spring-integration-http-2.1.xsd" />
    <resource url="http://www.springframework.org/schema/integration/http/spring-integration-http-2.2.xsd" location="C:/work/hybris/bin/platform/ext/core/lib/spring-integration-http-3.0.2.RELEASE.jar!/org/springframework/integration/http/config/spring-integration-http-2.2.xsd" />
    <resource url="http://www.springframework.org/schema/integration/http/spring-integration-http-3.0.xsd" location="C:/work/hybris/bin/platform/ext/core/lib/spring-integration-http-3.0.2.RELEASE.jar!/org/springframework/integration/http/config/spring-integration-http-3.0.xsd" />
    <resource url="http://www.springframework.org/schema/integration/http/spring-integration-http.xsd" location="C:/work/hybris/bin/platform/ext/core/lib/spring-integration-http-3.0.2.RELEASE.jar!/org/springframework/integration/http/config/spring-integration-http-3.0.xsd" />
    <resource url="http://www.springframework.org/schema/integration/ip/spring-integration-ip-2.0.xsd" location="C:/work/hybris/bin/platform/ext/core/lib/spring-integration-ip-3.0.2.RELEASE.jar!/org/springframework/integration/ip/config/spring-integration-ip-2.0.xsd" />
    <resource url="http://www.springframework.org/schema/integration/ip/spring-integration-ip-2.1.xsd" location="C:/work/hybris/bin/platform/ext/core/lib/spring-integration-ip-3.0.2.RELEASE.jar!/org/springframework/integration/ip/config/spring-integration-ip-2.1.xsd" />
    <resource url="http://www.springframework.org/schema/integration/ip/spring-integration-ip-2.2.xsd" location="C:/work/hybris/bin/platform/ext/core/lib/spring-integration-ip-3.0.2.RELEASE.jar!/org/springframework/integration/ip/config/spring-integration-ip-2.2.xsd" />
    <resource url="http://www.springframework.org/schema/integration/ip/spring-integration-ip-3.0.xsd" location="C:/work/hybris/bin/platform/ext/core/lib/spring-integration-ip-3.0.2.RELEASE.jar!/org/springframework/integration/ip/config/spring-integration-ip-3.0.xsd" />
    <resource url="http://www.springframework.org/schema/integration/ip/spring-integration-ip.xsd" location="C:/work/hybris/bin/platform/ext/core/lib/spring-integration-ip-3.0.2.RELEASE.jar!/org/springframework/integration/ip/config/spring-integration-ip-3.0.xsd" />
    <resource url="http://www.springframework.org/schema/integration/jdbc/spring-integration-jdbc-2.0.xsd" location="C:/work/hybris/bin/platform/ext/core/lib/spring-integration-jdbc-3.0.2.RELEASE.jar!/org/springframework/integration/jdbc/config/spring-integration-jdbc-2.0.xsd" />
    <resource url="http://www.springframework.org/schema/integration/jdbc/spring-integration-jdbc-2.1.xsd" location="C:/work/hybris/bin/platform/ext/core/lib/spring-integration-jdbc-3.0.2.RELEASE.jar!/org/springframework/integration/jdbc/config/spring-integration-jdbc-2.1.xsd" />
    <resource url="http://www.springframework.org/schema/integration/jdbc/spring-integration-jdbc-2.2.xsd" location="C:/work/hybris/bin/platform/ext/core/lib/spring-integration-jdbc-3.0.2.RELEASE.jar!/org/springframework/integration/jdbc/config/spring-integration-jdbc-2.2.xsd" />
    <resource url="http://www.springframework.org/schema/integration/jdbc/spring-integration-jdbc-3.0.xsd" location="C:/work/hybris/bin/platform/ext/core/lib/spring-integration-jdbc-3.0.2.RELEASE.jar!/org/springframework/integration/jdbc/config/spring-integration-jdbc-3.0.xsd" />
    <resource url="http://www.springframework.org/schema/integration/jdbc/spring-integration-jdbc.xsd" location="C:/work/hybris/bin/platform/ext/core/lib/spring-integration-jdbc-3.0.2.RELEASE.jar!/org/springframework/integration/jdbc/config/spring-integration-jdbc-3.0.xsd" />
    <resource url="http://www.springframework.org/schema/integration/jms/spring-integration-jms-1.0.xsd" location="C:/work/hybris/bin/platform/ext/core/lib/spring-integration-jms-3.0.2.RELEASE.jar!/org/springframework/integration/jms/config/spring-integration-jms-1.0.xsd" />
    <resource url="http://www.springframework.org/schema/integration/jms/spring-integration-jms-2.0.xsd" location="C:/work/hybris/bin/platform/ext/core/lib/spring-integration-jms-3.0.2.RELEASE.jar!/org/springframework/integration/jms/config/spring-integration-jms-2.0.xsd" />
    <resource url="http://www.springframework.org/schema/integration/jms/spring-integration-jms-2.1.xsd" location="C:/work/hybris/bin/platform/ext/core/lib/spring-integration-jms-3.0.2.RELEASE.jar!/org/springframework/integration/jms/config/spring-integration-jms-2.1.xsd" />
    <resource url="http://www.springframework.org/schema/integration/jms/spring-integration-jms-2.2.xsd" location="C:/work/hybris/bin/platform/ext/core/lib/spring-integration-jms-3.0.2.RELEASE.jar!/org/springframework/integration/jms/config/spring-integration-jms-2.2.xsd" />
    <resource url="http://www.springframework.org/schema/integration/jms/spring-integration-jms-3.0.xsd" location="C:/work/hybris/bin/platform/ext/core/lib/spring-integration-jms-3.0.2.RELEASE.jar!/org/springframework/integration/jms/config/spring-integration-jms-3.0.xsd" />
    <resource url="http://www.springframework.org/schema/integration/jms/spring-integration-jms.xsd" location="C:/work/hybris/bin/platform/ext/core/lib/spring-integration-jms-3.0.2.RELEASE.jar!/org/springframework/integration/jms/config/spring-integration-jms-3.0.xsd" />
    <resource url="http://www.springframework.org/schema/integration/jmx/spring-integration-jmx-2.0.xsd" location="C:/work/hybris/bin/platform/ext/core/lib/spring-integration-jmx-3.0.2.RELEASE.jar!/org/springframework/integration/jmx/config/spring-integration-jmx-2.0.xsd" />
    <resource url="http://www.springframework.org/schema/integration/jmx/spring-integration-jmx-2.1.xsd" location="C:/work/hybris/bin/platform/ext/core/lib/spring-integration-jmx-3.0.2.RELEASE.jar!/org/springframework/integration/jmx/config/spring-integration-jmx-2.1.xsd" />
    <resource url="http://www.springframework.org/schema/integration/jmx/spring-integration-jmx-2.2.xsd" location="C:/work/hybris/bin/platform/ext/core/lib/spring-integration-jmx-3.0.2.RELEASE.jar!/org/springframework/integration/jmx/config/spring-integration-jmx-2.2.xsd" />
    <resource url="http://www.springframework.org/schema/integration/jmx/spring-integration-jmx-3.0.xsd" location="C:/work/hybris/bin/platform/ext/core/lib/spring-integration-jmx-3.0.2.RELEASE.jar!/org/springframework/integration/jmx/config/spring-integration-jmx-3.0.xsd" />
    <resource url="http://www.springframework.org/schema/integration/jmx/spring-integration-jmx.xsd" location="C:/work/hybris/bin/platform/ext/core/lib/spring-integration-jmx-3.0.2.RELEASE.jar!/org/springframework/integration/jmx/config/spring-integration-jmx-3.0.xsd" />
    <resource url="http://www.springframework.org/schema/integration/mail/spring-integration-mail-1.0.xsd" location="C:/work/hybris/bin/platform/ext/core/lib/spring-integration-mail-3.0.2.RELEASE.jar!/org/springframework/integration/mail/config/spring-integration-mail-1.0.xsd" />
    <resource url="http://www.springframework.org/schema/integration/mail/spring-integration-mail-2.0.xsd" location="C:/work/hybris/bin/platform/ext/core/lib/spring-integration-mail-3.0.2.RELEASE.jar!/org/springframework/integration/mail/config/spring-integration-mail-2.0.xsd" />
    <resource url="http://www.springframework.org/schema/integration/mail/spring-integration-mail-2.1.xsd" location="C:/work/hybris/bin/platform/ext/core/lib/spring-integration-mail-3.0.2.RELEASE.jar!/org/springframework/integration/mail/config/spring-integration-mail-2.1.xsd" />
    <resource url="http://www.springframework.org/schema/integration/mail/spring-integration-mail-2.2.xsd" location="C:/work/hybris/bin/platform/ext/core/lib/spring-integration-mail-3.0.2.RELEASE.jar!/org/springframework/integration/mail/config/spring-integration-mail-2.2.xsd" />
    <resource url="http://www.springframework.org/schema/integration/mail/spring-integration-mail-3.0.xsd" location="C:/work/hybris/bin/platform/ext/core/lib/spring-integration-mail-3.0.2.RELEASE.jar!/org/springframework/integration/mail/config/spring-integration-mail-3.0.xsd" />
    <resource url="http://www.springframework.org/schema/integration/mail/spring-integration-mail.xsd" location="C:/work/hybris/bin/platform/ext/core/lib/spring-integration-mail-3.0.2.RELEASE.jar!/org/springframework/integration/mail/config/spring-integration-mail-3.0.xsd" />
    <resource url="http://www.springframework.org/schema/integration/rmi/spring-integration-rmi-1.0.xsd" location="C:/work/hybris/bin/platform/ext/core/lib/spring-integration-rmi-3.0.2.RELEASE.jar!/org/springframework/integration/rmi/config/spring-integration-rmi-1.0.xsd" />
    <resource url="http://www.springframework.org/schema/integration/rmi/spring-integration-rmi-2.0.xsd" location="C:/work/hybris/bin/platform/ext/core/lib/spring-integration-rmi-3.0.2.RELEASE.jar!/org/springframework/integration/rmi/config/spring-integration-rmi-2.0.xsd" />
    <resource url="http://www.springframework.org/schema/integration/rmi/spring-integration-rmi-2.1.xsd" location="C:/work/hybris/bin/platform/ext/core/lib/spring-integration-rmi-3.0.2.RELEASE.jar!/org/springframework/integration/rmi/config/spring-integration-rmi-2.1.xsd" />
    <resource url="http://www.springframework.org/schema/integration/rmi/spring-integration-rmi-2.2.xsd" location="C:/work/hybris/bin/platform/ext/core/lib/spring-integration-rmi-3.0.2.RELEASE.jar!/org/springframework/integration/rmi/config/spring-integration-rmi-2.2.xsd" />
    <resource url="http://www.springframework.org/schema/integration/rmi/spring-integration-rmi-3.0.xsd" location="C:/work/hybris/bin/platform/ext/core/lib/spring-integration-rmi-3.0.2.RELEASE.jar!/org/springframework/integration/rmi/config/spring-integration-rmi-3.0.xsd" />
    <resource url="http://www.springframework.org/schema/integration/rmi/spring-integration-rmi.xsd" location="C:/work/hybris/bin/platform/ext/core/lib/spring-integration-rmi-3.0.2.RELEASE.jar!/org/springframework/integration/rmi/config/spring-integration-rmi-3.0.xsd" />
    <resource url="http://www.springframework.org/schema/integration/security/spring-integration-security-1.0.xsd" location="C:/work/hybris/bin/platform/ext/core/lib/spring-integration-security-3.0.2.RELEASE.jar!/org/springframework/integration/security/config/spring-integration-security-1.0.xsd" />
    <resource url="http://www.springframework.org/schema/integration/security/spring-integration-security-2.0.xsd" location="C:/work/hybris/bin/platform/ext/core/lib/spring-integration-security-3.0.2.RELEASE.jar!/org/springframework/integration/security/config/spring-integration-security-2.0.xsd" />
    <resource url="http://www.springframework.org/schema/integration/security/spring-integration-security-2.1.xsd" location="C:/work/hybris/bin/platform/ext/core/lib/spring-integration-security-3.0.2.RELEASE.jar!/org/springframework/integration/security/config/spring-integration-security-2.1.xsd" />
    <resource url="http://www.springframework.org/schema/integration/security/spring-integration-security-2.2.xsd" location="C:/work/hybris/bin/platform/ext/core/lib/spring-integration-security-3.0.2.RELEASE.jar!/org/springframework/integration/security/config/spring-integration-security-2.2.xsd" />
    <resource url="http://www.springframework.org/schema/integration/security/spring-integration-security-3.0.xsd" location="C:/work/hybris/bin/platform/ext/core/lib/spring-integration-security-3.0.2.RELEASE.jar!/org/springframework/integration/security/config/spring-integration-security-3.0.xsd" />
    <resource url="http://www.springframework.org/schema/integration/security/spring-integration-security.xsd" location="C:/work/hybris/bin/platform/ext/core/lib/spring-integration-security-3.0.2.RELEASE.jar!/org/springframework/integration/security/config/spring-integration-security-3.0.xsd" />
    <resource url="http://www.springframework.org/schema/integration/sftp/spring-integration-sftp-2.0.xsd" location="C:/work/hybris/bin/platform/ext/core/lib/spring-integration-sftp-3.0.2.RELEASE.jar!/org/springframework/integration/sftp/config/spring-integration-sftp-2.0.xsd" />
    <resource url="http://www.springframework.org/schema/integration/sftp/spring-integration-sftp-2.1.xsd" location="C:/work/hybris/bin/platform/ext/core/lib/spring-integration-sftp-3.0.2.RELEASE.jar!/org/springframework/integration/sftp/config/spring-integration-sftp-2.1.xsd" />
    <resource url="http://www.springframework.org/schema/integration/sftp/spring-integration-sftp-2.2.xsd" location="C:/work/hybris/bin/platform/ext/core/lib/spring-integration-sftp-3.0.2.RELEASE.jar!/org/springframework/integration/sftp/config/spring-integration-sftp-2.2.xsd" />
    <resource url="http://www.springframework.org/schema/integration/sftp/spring-integration-sftp-3.0.xsd" location="C:/work/hybris/bin/platform/ext/core/lib/spring-integration-sftp-3.0.2.RELEASE.jar!/org/springframework/integration/sftp/config/spring-integration-sftp-3.0.xsd" />
    <resource url="http://www.springframework.org/schema/integration/sftp/spring-integration-sftp.xsd" location="C:/work/hybris/bin/platform/ext/core/lib/spring-integration-sftp-3.0.2.RELEASE.jar!/org/springframework/integration/sftp/config/spring-integration-sftp-3.0.xsd" />
    <resource url="http://www.springframework.org/schema/integration/spring-integration-1.0.xsd" location="C:/work/hybris/bin/platform/ext/core/lib/spring-integration-core-3.0.2.RELEASE.jar!/org/springframework/integration/config/xml/spring-integration-1.0.xsd" />
    <resource url="http://www.springframework.org/schema/integration/spring-integration-2.0.xsd" location="C:/work/hybris/bin/platform/ext/core/lib/spring-integration-core-3.0.2.RELEASE.jar!/org/springframework/integration/config/xml/spring-integration-2.0.xsd" />
    <resource url="http://www.springframework.org/schema/integration/spring-integration-2.1.xsd" location="C:/work/hybris/bin/platform/ext/core/lib/spring-integration-core-3.0.2.RELEASE.jar!/org/springframework/integration/config/xml/spring-integration-2.1.xsd" />
    <resource url="http://www.springframework.org/schema/integration/spring-integration-2.2.xsd" location="C:/work/hybris/bin/platform/ext/core/lib/spring-integration-core-3.0.2.RELEASE.jar!/org/springframework/integration/config/xml/spring-integration-2.2.xsd" />
    <resource url="http://www.springframework.org/schema/integration/spring-integration-3.0.xsd" location="C:/work/hybris/bin/platform/ext/core/lib/spring-integration-core-3.0.2.RELEASE.jar!/org/springframework/integration/config/xml/spring-integration-3.0.xsd" />
    <resource url="http://www.springframework.org/schema/integration/spring-integration.xsd" location="C:/work/hybris/bin/platform/ext/core/lib/spring-integration-core-3.0.2.RELEASE.jar!/org/springframework/integration/config/xml/spring-integration-3.0.xsd" />
    <resource url="http://www.springframework.org/schema/integration/stream/spring-integration-stream-1.0.xsd" location="C:/work/hybris/bin/platform/ext/core/lib/spring-integration-stream-3.0.2.RELEASE.jar!/org/springframework/integration/stream/config/spring-integration-stream-1.0.xsd" />
    <resource url="http://www.springframework.org/schema/integration/stream/spring-integration-stream-2.0.xsd" location="C:/work/hybris/bin/platform/ext/core/lib/spring-integration-stream-3.0.2.RELEASE.jar!/org/springframework/integration/stream/config/spring-integration-stream-2.0.xsd" />
    <resource url="http://www.springframework.org/schema/integration/stream/spring-integration-stream-2.1.xsd" location="C:/work/hybris/bin/platform/ext/core/lib/spring-integration-stream-3.0.2.RELEASE.jar!/org/springframework/integration/stream/config/spring-integration-stream-2.1.xsd" />
    <resource url="http://www.springframework.org/schema/integration/stream/spring-integration-stream-2.2.xsd" location="C:/work/hybris/bin/platform/ext/core/lib/spring-integration-stream-3.0.2.RELEASE.jar!/org/springframework/integration/stream/config/spring-integration-stream-2.2.xsd" />
    <resource url="http://www.springframework.org/schema/integration/stream/spring-integration-stream-3.0.xsd" location="C:/work/hybris/bin/platform/ext/core/lib/spring-integration-stream-3.0.2.RELEASE.jar!/org/springframework/integration/stream/config/spring-integration-stream-3.0.xsd" />
    <resource url="http://www.springframework.org/schema/integration/stream/spring-integration-stream.xsd" location="C:/work/hybris/bin/platform/ext/core/lib/spring-integration-stream-3.0.2.RELEASE.jar!/org/springframework/integration/stream/config/spring-integration-stream-3.0.xsd" />
    <resource url="http://www.springframework.org/schema/integration/twitter/spring-integration-twitter-2.0.xsd" location="C:/work/hybris/bin/platform/ext/core/lib/spring-integration-twitter-3.0.2.RELEASE.jar!/org/springframework/integration/twitter/config/spring-integration-twitter-2.0.xsd" />
    <resource url="http://www.springframework.org/schema/integration/twitter/spring-integration-twitter-2.1.xsd" location="C:/work/hybris/bin/platform/ext/core/lib/spring-integration-twitter-3.0.2.RELEASE.jar!/org/springframework/integration/twitter/config/spring-integration-twitter-2.1.xsd" />
    <resource url="http://www.springframework.org/schema/integration/twitter/spring-integration-twitter-2.2.xsd" location="C:/work/hybris/bin/platform/ext/core/lib/spring-integration-twitter-3.0.2.RELEASE.jar!/org/springframework/integration/twitter/config/spring-integration-twitter-2.2.xsd" />
    <resource url="http://www.springframework.org/schema/integration/twitter/spring-integration-twitter-3.0.xsd" location="C:/work/hybris/bin/platform/ext/core/lib/spring-integration-twitter-3.0.2.RELEASE.jar!/org/springframework/integration/twitter/config/spring-integration-twitter-3.0.xsd" />
    <resource url="http://www.springframework.org/schema/integration/twitter/spring-integration-twitter.xsd" location="C:/work/hybris/bin/platform/ext/core/lib/spring-integration-twitter-3.0.2.RELEASE.jar!/org/springframework/integration/twitter/config/spring-integration-twitter-3.0.xsd" />
    <resource url="http://www.springframework.org/schema/integration/ws/spring-integration-ws-1.0.xsd" location="C:/work/hybris/bin/platform/ext/core/lib/spring-integration-ws-3.0.2.RELEASE.jar!/org/springframework/integration/ws/config/spring-integration-ws-1.0.xsd" />
    <resource url="http://www.springframework.org/schema/integration/ws/spring-integration-ws-2.0.xsd" location="C:/work/hybris/bin/platform/ext/core/lib/spring-integration-ws-3.0.2.RELEASE.jar!/org/springframework/integration/ws/config/spring-integration-ws-2.0.xsd" />
    <resource url="http://www.springframework.org/schema/integration/ws/spring-integration-ws-2.1.xsd" location="C:/work/hybris/bin/platform/ext/core/lib/spring-integration-ws-3.0.2.RELEASE.jar!/org/springframework/integration/ws/config/spring-integration-ws-2.1.xsd" />
    <resource url="http://www.springframework.org/schema/integration/ws/spring-integration-ws-2.2.xsd" location="C:/work/hybris/bin/platform/ext/core/lib/spring-integration-ws-3.0.2.RELEASE.jar!/org/springframework/integration/ws/config/spring-integration-ws-2.2.xsd" />
    <resource url="http://www.springframework.org/schema/integration/ws/spring-integration-ws-3.0.xsd" location="C:/work/hybris/bin/platform/ext/core/lib/spring-integration-ws-3.0.2.RELEASE.jar!/org/springframework/integration/ws/config/spring-integration-ws-3.0.xsd" />
    <resource url="http://www.springframework.org/schema/integration/ws/spring-integration-ws.xsd" location="C:/work/hybris/bin/platform/ext/core/lib/spring-integration-ws-3.0.2.RELEASE.jar!/org/springframework/integration/ws/config/spring-integration-ws-3.0.xsd" />
    <resource url="http://www.springframework.org/schema/integration/xml/spring-integration-xml-1.0.xsd" location="C:/work/hybris/bin/platform/ext/core/lib/spring-integration-xml-3.0.2.RELEASE.jar!/org/springframework/integration/xml/config/spring-integration-xml-1.0.xsd" />
    <resource url="http://www.springframework.org/schema/integration/xml/spring-integration-xml-2.0.xsd" location="C:/work/hybris/bin/platform/ext/core/lib/spring-integration-xml-3.0.2.RELEASE.jar!/org/springframework/integration/xml/config/spring-integration-xml-2.0.xsd" />
    <resource url="http://www.springframework.org/schema/integration/xml/spring-integration-xml-2.1.xsd" location="C:/work/hybris/bin/platform/ext/core/lib/spring-integration-xml-3.0.2.RELEASE.jar!/org/springframework/integration/xml/config/spring-integration-xml-2.1.xsd" />
    <resource url="http://www.springframework.org/schema/integration/xml/spring-integration-xml-2.2.xsd" location="C:/work/hybris/bin/platform/ext/core/lib/spring-integration-xml-3.0.2.RELEASE.jar!/org/springframework/integration/xml/config/spring-integration-xml-2.2.xsd" />
    <resource url="http://www.springframework.org/schema/integration/xml/spring-integration-xml-3.0.xsd" location="C:/work/hybris/bin/platform/ext/core/lib/spring-integration-xml-3.0.2.RELEASE.jar!/org/springframework/integration/xml/config/spring-integration-xml-3.0.xsd" />
    <resource url="http://www.springframework.org/schema/integration/xml/spring-integration-xml.xsd" location="C:/work/hybris/bin/platform/ext/core/lib/spring-integration-xml-3.0.2.RELEASE.jar!/org/springframework/integration/xml/config/spring-integration-xml-3.0.xsd" />
    <resource url="http://www.springframework.org/schema/integration/xmpp/spring-integration-xmpp-2.0.xsd" location="C:/work/hybris/bin/platform/ext/core/lib/spring-integration-xmpp-3.0.2.RELEASE.jar!/org/springframework/integration/xmpp/config/spring-integration-xmpp-2.0.xsd" />
    <resource url="http://www.springframework.org/schema/integration/xmpp/spring-integration-xmpp-2.1.xsd" location="C:/work/hybris/bin/platform/ext/core/lib/spring-integration-xmpp-3.0.2.RELEASE.jar!/org/springframework/integration/xmpp/config/spring-integration-xmpp-2.1.xsd" />
    <resource url="http://www.springframework.org/schema/integration/xmpp/spring-integration-xmpp-2.2.xsd" location="C:/work/hybris/bin/platform/ext/core/lib/spring-integration-xmpp-3.0.2.RELEASE.jar!/org/springframework/integration/xmpp/config/spring-integration-xmpp-2.2.xsd" />
    <resource url="http://www.springframework.org/schema/integration/xmpp/spring-integration-xmpp-3.0.xsd" location="C:/work/hybris/bin/platform/ext/core/lib/spring-integration-xmpp-3.0.2.RELEASE.jar!/org/springframework/integration/xmpp/config/spring-integration-xmpp-3.0.xsd" />
    <resource url="http://www.springframework.org/schema/integration/xmpp/spring-integration-xmpp.xsd" location="C:/work/hybris/bin/platform/ext/core/lib/spring-integration-xmpp-3.0.2.RELEASE.jar!/org/springframework/integration/xmpp/config/spring-integration-xmpp-3.0.xsd" />
    <resource url="http://www.springframework.org/schema/jdbc/spring-jdbc-3.0.xsd" location="C:/work/hybris/bin/platform/ext/core/lib/spring-jdbc-3.2.8.RELEASE.jar!/org/springframework/jdbc/config/spring-jdbc-3.0.xsd" />
    <resource url="http://www.springframework.org/schema/jdbc/spring-jdbc-3.1.xsd" location="C:/work/hybris/bin/platform/ext/core/lib/spring-jdbc-3.2.8.RELEASE.jar!/org/springframework/jdbc/config/spring-jdbc-3.1.xsd" />
    <resource url="http://www.springframework.org/schema/jdbc/spring-jdbc-3.2.xsd" location="C:/work/hybris/bin/platform/ext/core/lib/spring-jdbc-3.2.8.RELEASE.jar!/org/springframework/jdbc/config/spring-jdbc-3.2.xsd" />
    <resource url="http://www.springframework.org/schema/jdbc/spring-jdbc.xsd" location="C:/work/hybris/bin/platform/ext/core/lib/spring-jdbc-3.2.8.RELEASE.jar!/org/springframework/jdbc/config/spring-jdbc-3.2.xsd" />
    <resource url="http://www.springframework.org/schema/jee/spring-jee-2.0.xsd" location="C:/work/hybris/bin/platform/ext/core/lib/spring-context-3.2.8.RELEASE.jar!/org/springframework/ejb/config/spring-jee-2.0.xsd" />
    <resource url="http://www.springframework.org/schema/jee/spring-jee-2.5.xsd" location="C:/work/hybris/bin/platform/ext/core/lib/spring-context-3.2.8.RELEASE.jar!/org/springframework/ejb/config/spring-jee-2.5.xsd" />
    <resource url="http://www.springframework.org/schema/jee/spring-jee-3.0.xsd" location="C:/work/hybris/bin/platform/ext/core/lib/spring-context-3.2.8.RELEASE.jar!/org/springframework/ejb/config/spring-jee-3.0.xsd" />
    <resource url="http://www.springframework.org/schema/jee/spring-jee-3.1.xsd" location="C:/work/hybris/bin/platform/ext/core/lib/spring-context-3.2.8.RELEASE.jar!/org/springframework/ejb/config/spring-jee-3.1.xsd" />
    <resource url="http://www.springframework.org/schema/jee/spring-jee-3.2.xsd" location="C:/work/hybris/bin/platform/ext/core/lib/spring-context-3.2.8.RELEASE.jar!/org/springframework/ejb/config/spring-jee-3.2.xsd" />
    <resource url="http://www.springframework.org/schema/jee/spring-jee.xsd" location="C:/work/hybris/bin/platform/ext/core/lib/spring-context-3.2.8.RELEASE.jar!/org/springframework/ejb/config/spring-jee-3.2.xsd" />
    <resource url="http://www.springframework.org/schema/jms/spring-jms-2.5.xsd" location="C:/work/hybris/bin/platform/ext/core/lib/spring-jms-3.2.8.RELEASE.jar!/org/springframework/jms/config/spring-jms-2.5.xsd" />
    <resource url="http://www.springframework.org/schema/jms/spring-jms-3.0.xsd" location="C:/work/hybris/bin/platform/ext/core/lib/spring-jms-3.2.8.RELEASE.jar!/org/springframework/jms/config/spring-jms-3.0.xsd" />
    <resource url="http://www.springframework.org/schema/jms/spring-jms-3.1.xsd" location="C:/work/hybris/bin/platform/ext/core/lib/spring-jms-3.2.8.RELEASE.jar!/org/springframework/jms/config/spring-jms-3.1.xsd" />
    <resource url="http://www.springframework.org/schema/jms/spring-jms-3.2.xsd" location="C:/work/hybris/bin/platform/ext/core/lib/spring-jms-3.2.8.RELEASE.jar!/org/springframework/jms/config/spring-jms-3.2.xsd" />
    <resource url="http://www.springframework.org/schema/jms/spring-jms.xsd" location="C:/work/hybris/bin/platform/ext/core/lib/spring-jms-3.2.8.RELEASE.jar!/org/springframework/jms/config/spring-jms-3.2.xsd" />
    <resource url="http://www.springframework.org/schema/lang/spring-lang-2.0.xsd" location="C:/work/hybris/bin/platform/ext/core/lib/spring-context-3.2.8.RELEASE.jar!/org/springframework/scripting/config/spring-lang-2.0.xsd" />
    <resource url="http://www.springframework.org/schema/lang/spring-lang-2.5.xsd" location="C:/work/hybris/bin/platform/ext/core/lib/spring-context-3.2.8.RELEASE.jar!/org/springframework/scripting/config/spring-lang-2.5.xsd" />
    <resource url="http://www.springframework.org/schema/lang/spring-lang-3.0.xsd" location="C:/work/hybris/bin/platform/ext/core/lib/spring-context-3.2.8.RELEASE.jar!/org/springframework/scripting/config/spring-lang-3.0.xsd" />
    <resource url="http://www.springframework.org/schema/lang/spring-lang-3.1.xsd" location="C:/work/hybris/bin/platform/ext/core/lib/spring-context-3.2.8.RELEASE.jar!/org/springframework/scripting/config/spring-lang-3.1.xsd" />
    <resource url="http://www.springframework.org/schema/lang/spring-lang-3.2.xsd" location="C:/work/hybris/bin/platform/ext/core/lib/spring-context-3.2.8.RELEASE.jar!/org/springframework/scripting/config/spring-lang-3.2.xsd" />
    <resource url="http://www.springframework.org/schema/lang/spring-lang.xsd" location="C:/work/hybris/bin/platform/ext/core/lib/spring-context-3.2.8.RELEASE.jar!/org/springframework/scripting/config/spring-lang-3.2.xsd" />
    <resource url="http://www.springframework.org/schema/mvc/spring-mvc-3.0.xsd" location="C:/work/hybris/bin/ext-template/ychinaacceleratorstorefront/web/webroot/WEB-INF/lib/spring-webmvc-3.1.4.RELEASE.jar!/org/springframework/web/servlet/config/spring-mvc-3.0.xsd" />
    <resource url="http://www.springframework.org/schema/mvc/spring-mvc-3.1.xsd" location="C:/work/hybris/bin/ext-template/ychinaacceleratorstorefront/web/webroot/WEB-INF/lib/spring-webmvc-3.1.4.RELEASE.jar!/org/springframework/web/servlet/config/spring-mvc-3.1.xsd" />
    <resource url="http://www.springframework.org/schema/mvc/spring-mvc-3.2.xsd" location="C:/work/hybris/bin/ext-hktv/hktvwebservices/web/webroot/WEB-INF/lib/spring-webmvc-3.2.8.RELEASE.jar!/org/springframework/web/servlet/config/spring-mvc-3.2.xsd" />
    <resource url="http://www.springframework.org/schema/mvc/spring-mvc.xsd" location="C:/work/hybris/bin/ext-template/ychinaacceleratorstorefront/web/webroot/WEB-INF/lib/spring-webmvc-3.1.4.RELEASE.jar!/org/springframework/web/servlet/config/spring-mvc-3.1.xsd" />
    <resource url="http://www.springframework.org/schema/oxm/spring-oxm-3.0.xsd" location="C:/work/hybris/bin/platform/ext/core/lib/spring-oxm-3.2.8.RELEASE.jar!/org/springframework/oxm/config/spring-oxm-3.0.xsd" />
    <resource url="http://www.springframework.org/schema/oxm/spring-oxm-3.1.xsd" location="C:/work/hybris/bin/platform/ext/core/lib/spring-oxm-3.2.8.RELEASE.jar!/org/springframework/oxm/config/spring-oxm-3.1.xsd" />
    <resource url="http://www.springframework.org/schema/oxm/spring-oxm-3.2.xsd" location="C:/work/hybris/bin/platform/ext/core/lib/spring-oxm-3.2.8.RELEASE.jar!/org/springframework/oxm/config/spring-oxm-3.2.xsd" />
    <resource url="http://www.springframework.org/schema/oxm/spring-oxm.xsd" location="C:/work/hybris/bin/platform/ext/core/lib/spring-oxm-3.2.8.RELEASE.jar!/org/springframework/oxm/config/spring-oxm-3.2.xsd" />
    <resource url="http://www.springframework.org/schema/security/spring-security-2.0.1.xsd" location="C:/work/hybris/bin/platform/ext/core/lib/spring-security-config-3.2.3.RELEASE.jar!/org/springframework/security/config/spring-security-2.0.1.xsd" />
    <resource url="http://www.springframework.org/schema/security/spring-security-2.0.2.xsd" location="C:/work/hybris/bin/platform/ext/core/lib/spring-security-config-3.2.3.RELEASE.jar!/org/springframework/security/config/spring-security-2.0.2.xsd" />
    <resource url="http://www.springframework.org/schema/security/spring-security-2.0.4.xsd" location="C:/work/hybris/bin/platform/ext/core/lib/spring-security-config-3.2.3.RELEASE.jar!/org/springframework/security/config/spring-security-2.0.4.xsd" />
    <resource url="http://www.springframework.org/schema/security/spring-security-2.0.xsd" location="C:/work/hybris/bin/platform/ext/core/lib/spring-security-config-3.2.3.RELEASE.jar!/org/springframework/security/config/spring-security-2.0.xsd" />
    <resource url="http://www.springframework.org/schema/security/spring-security-3.0.3.xsd" location="C:/work/hybris/bin/platform/ext/core/lib/spring-security-config-3.2.3.RELEASE.jar!/org/springframework/security/config/spring-security-3.0.3.xsd" />
    <resource url="http://www.springframework.org/schema/security/spring-security-3.0.xsd" location="C:/work/hybris/bin/platform/ext/core/lib/spring-security-config-3.2.3.RELEASE.jar!/org/springframework/security/config/spring-security-3.0.xsd" />
    <resource url="http://www.springframework.org/schema/security/spring-security-3.1.xsd" location="C:/work/hybris/bin/platform/ext/core/lib/spring-security-config-3.2.3.RELEASE.jar!/org/springframework/security/config/spring-security-3.1.xsd" />
    <resource url="http://www.springframework.org/schema/security/spring-security-3.2.xsd" location="C:/work/hybris/bin/platform/ext/core/lib/spring-security-config-3.2.3.RELEASE.jar!/org/springframework/security/config/spring-security-3.2.xsd" />
    <resource url="http://www.springframework.org/schema/security/spring-security-oauth2-1.0.xsd" location="C:/work/hybris/bin/ext-hktv/hktvwebservices/web/webroot/WEB-INF/lib/spring-security-oauth2-1.0.5.RELEASE.jar!/org/springframework/security/oauth2/spring-security-oauth2-1.0.xsd" />
    <resource url="http://www.springframework.org/schema/security/spring-security-oauth2.xsd" location="C:/work/hybris/bin/ext-hktv/hktvwebservices/web/webroot/WEB-INF/lib/spring-security-oauth2-1.0.5.RELEASE.jar!/org/springframework/security/oauth2/spring-security-oauth2-1.0.xsd" />
    <resource url="http://www.springframework.org/schema/security/spring-security.xsd" location="C:/work/hybris/bin/platform/ext/core/lib/spring-security-config-3.2.3.RELEASE.jar!/org/springframework/security/config/spring-security-3.2.xsd" />
    <resource url="http://www.springframework.org/schema/task/spring-task-3.0.xsd" location="C:/work/hybris/bin/platform/ext/core/lib/spring-context-3.2.8.RELEASE.jar!/org/springframework/scheduling/config/spring-task-3.0.xsd" />
    <resource url="http://www.springframework.org/schema/task/spring-task-3.1.xsd" location="C:/work/hybris/bin/platform/ext/core/lib/spring-context-3.2.8.RELEASE.jar!/org/springframework/scheduling/config/spring-task-3.1.xsd" />
    <resource url="http://www.springframework.org/schema/task/spring-task-3.2.xsd" location="C:/work/hybris/bin/platform/ext/core/lib/spring-context-3.2.8.RELEASE.jar!/org/springframework/scheduling/config/spring-task-3.2.xsd" />
    <resource url="http://www.springframework.org/schema/task/spring-task.xsd" location="C:/work/hybris/bin/platform/ext/core/lib/spring-context-3.2.8.RELEASE.jar!/org/springframework/scheduling/config/spring-task-3.2.xsd" />
    <resource url="http://www.springframework.org/schema/tool/spring-tool-2.0.xsd" location="C:/work/hybris/bin/platform/ext/core/lib/spring-beans-3.2.8.RELEASE.jar!/org/springframework/beans/factory/xml/spring-tool-2.0.xsd" />
    <resource url="http://www.springframework.org/schema/tool/spring-tool-2.5.xsd" location="C:/work/hybris/bin/platform/ext/core/lib/spring-beans-3.2.8.RELEASE.jar!/org/springframework/beans/factory/xml/spring-tool-2.5.xsd" />
    <resource url="http://www.springframework.org/schema/tool/spring-tool-3.0.xsd" location="C:/work/hybris/bin/platform/ext/core/lib/spring-beans-3.2.8.RELEASE.jar!/org/springframework/beans/factory/xml/spring-tool-3.0.xsd" />
    <resource url="http://www.springframework.org/schema/tool/spring-tool-3.1.xsd" location="C:/work/hybris/bin/platform/ext/core/lib/spring-beans-3.2.8.RELEASE.jar!/org/springframework/beans/factory/xml/spring-tool-3.1.xsd" />
    <resource url="http://www.springframework.org/schema/tool/spring-tool-3.2.xsd" location="C:/work/hybris/bin/platform/ext/core/lib/spring-beans-3.2.8.RELEASE.jar!/org/springframework/beans/factory/xml/spring-tool-3.2.xsd" />
    <resource url="http://www.springframework.org/schema/tool/spring-tool.xsd" location="C:/work/hybris/bin/platform/ext/core/lib/spring-beans-3.2.8.RELEASE.jar!/org/springframework/beans/factory/xml/spring-tool-3.2.xsd" />
    <resource url="http://www.springframework.org/schema/tx/spring-tx-2.0.xsd" location="C:/work/hybris/bin/platform/ext/core/lib/spring-tx-3.2.8.RELEASE.jar!/org/springframework/transaction/config/spring-tx-2.0.xsd" />
    <resource url="http://www.springframework.org/schema/tx/spring-tx-2.5.xsd" location="C:/work/hybris/bin/platform/ext/core/lib/spring-tx-3.2.8.RELEASE.jar!/org/springframework/transaction/config/spring-tx-2.5.xsd" />
    <resource url="http://www.springframework.org/schema/tx/spring-tx-3.0.xsd" location="C:/work/hybris/bin/platform/ext/core/lib/spring-tx-3.2.8.RELEASE.jar!/org/springframework/transaction/config/spring-tx-3.0.xsd" />
    <resource url="http://www.springframework.org/schema/tx/spring-tx-3.1.xsd" location="C:/work/hybris/bin/platform/ext/core/lib/spring-tx-3.2.8.RELEASE.jar!/org/springframework/transaction/config/spring-tx-3.1.xsd" />
    <resource url="http://www.springframework.org/schema/tx/spring-tx-3.2.xsd" location="C:/work/hybris/bin/platform/ext/core/lib/spring-tx-3.2.8.RELEASE.jar!/org/springframework/transaction/config/spring-tx-3.2.xsd" />
    <resource url="http://www.springframework.org/schema/tx/spring-tx.xsd" location="C:/work/hybris/bin/platform/ext/core/lib/spring-tx-3.2.8.RELEASE.jar!/org/springframework/transaction/config/spring-tx-3.2.xsd" />
    <resource url="http://www.springframework.org/schema/util/spring-util-2.0.xsd" location="C:/work/hybris/bin/platform/ext/core/lib/spring-beans-3.2.8.RELEASE.jar!/org/springframework/beans/factory/xml/spring-util-2.0.xsd" />
    <resource url="http://www.springframework.org/schema/util/spring-util-2.5.xsd" location="C:/work/hybris/bin/platform/ext/core/lib/spring-beans-3.2.8.RELEASE.jar!/org/springframework/beans/factory/xml/spring-util-2.5.xsd" />
    <resource url="http://www.springframework.org/schema/util/spring-util-3.0.xsd" location="C:/work/hybris/bin/platform/ext/core/lib/spring-beans-3.2.8.RELEASE.jar!/org/springframework/beans/factory/xml/spring-util-3.0.xsd" />
    <resource url="http://www.springframework.org/schema/util/spring-util-3.1.xsd" location="C:/work/hybris/bin/platform/ext/core/lib/spring-beans-3.2.8.RELEASE.jar!/org/springframework/beans/factory/xml/spring-util-3.1.xsd" />
    <resource url="http://www.springframework.org/schema/util/spring-util-3.2.xsd" location="C:/work/hybris/bin/platform/ext/core/lib/spring-beans-3.2.8.RELEASE.jar!/org/springframework/beans/factory/xml/spring-util-3.2.xsd" />
    <resource url="http://www.springframework.org/schema/util/spring-util.xsd" location="C:/work/hybris/bin/platform/ext/core/lib/spring-beans-3.2.8.RELEASE.jar!/org/springframework/beans/factory/xml/spring-util-3.2.xsd" />
    <resource url="http://www.zkoss.org/2008/zkspring/core/zkspring-core.xsd" location="C:/work/hybris/bin/ext-channel/instore/web/webroot/WEB-INF/lib/zkspring-core-3.0.jar!/metainfo/xml/zkspring-core.xsd" />
    <resource url="http://www.zkoss.org/2008/zkspring/security/zkspring-security.xsd" location="C:/work/hybris/bin/ext-channel/instore/web/webroot/WEB-INF/lib/zkspring-security-3.0.jar!/metainfo/xml/zkspring-security.xsd" />
    <resource url="http://www.zkoss.org/2008/zkspring/zkspring.xsd" location="C:/work/hybris/bin/ext-cockpit/cockpit/lib/zkspring-1.1.0.jar!/metainfo/xml/zkspring.xsd" />
    <ignored-resource url="http://www.springframework.org/schema/p" />
  </component>
</application>