<application>
  <component name="TemplateSettings">
    <option name="deletedKeys">
      <list>
        <TemplateKey>
          <option name="groupName" value="Zen XSL" />
          <option name="key" value="nam" />
        </TemplateKey>
        <TemplateKey>
          <option name="groupName" value="other" />
          <option name="key" value="inst" />
        </TemplateKey>
        <TemplateKey>
          <option name="groupName" value="other" />
          <option name="key" value="lst" />
        </TemplateKey>
        <TemplateKey>
          <option name="groupName" value="other" />
          <option name="key" value="mn" />
        </TemplateKey>
        <TemplateKey>
          <option name="groupName" value="other" />
          <option name="key" value="mx" />
        </TemplateKey>
        <TemplateKey>
          <option name="groupName" value="other" />
          <option name="key" value="psvm" />
        </TemplateKey>
        <TemplateKey>
          <option name="groupName" value="other" />
          <option name="key" value="toar" />
        </TemplateKey>
        <TemplateKey>
          <option name="groupName" value="other" />
          <option name="key" value="lazy" />
        </TemplateKey>
        <TemplateKey>
          <option name="groupName" value="other" />
          <option name="key" value="inn" />
        </TemplateKey>
        <TemplateKey>
          <option name="groupName" value="other" />
          <option name="key" value="ifn" />
        </TemplateKey>
        <TemplateKey>
          <option name="groupName" value="other" />
          <option name="key" value="geti" />
        </TemplateKey>
      </list>
    </option>
  </component>
</application>