<keymap version="1" name="Eclipse copy" parent="Eclipse">
  <action id="$Redo">
    <keyboard-shortcut first-keystroke="shift ctrl z" />
  </action>
  <action id="AddToFavoritesPopup" />
  <action id="Annotate">
    <keyboard-shortcut first-keystroke="alt x" />
  </action>
  <action id="Back">
    <keyboard-shortcut first-keystroke="ctrl tab" />
  </action>
  <action id="ChangesView.Diff">
    <keyboard-shortcut first-keystroke="ctrl alt 1" />
    <mouse-shortcut keystroke="button2" />
  </action>
  <action id="CloseActiveTab" />
  <action id="CloseContent">
    <keyboard-shortcut first-keystroke="ctrl f4" />
    <keyboard-shortcut first-keystroke="ctrl w" />
  </action>
  <action id="CompareDirs" />
  <action id="CompareJars" />
  <action id="CompareTwoFiles" />
  <action id="CompileDirty">
    <keyboard-shortcut first-keystroke="ctrl f9" />
  </action>
  <action id="Console.History.Previous" />
  <action id="Console.TableResult.EditValue">
    <keyboard-shortcut first-keystroke="alt enter" />
  </action>
  <action id="ContextHelp" />
  <action id="Debugger.AddToWatch">
    <keyboard-shortcut first-keystroke="alt w" />
  </action>
  <action id="Debugger.FocusOnBreakpoint">
    <keyboard-shortcut first-keystroke="alt a" />
  </action>
  <action id="Diff.FocusOppositePane" />
  <action id="Diff.FocusOppositePaneAndScroll" />
  <action id="Diff.UpdatedFiles" />
  <action id="Editor Redo">
    <keyboard-shortcut first-keystroke="shift ctrl z" />
  </action>
  <action id="EditorCodeBlockStart">
    <keyboard-shortcut first-keystroke="ctrl open_bracket" />
    <keyboard-shortcut first-keystroke="ctrl open_bracket" second-keystroke="shift alt s" />
  </action>
  <action id="EditorDeleteLine">
    <keyboard-shortcut first-keystroke="shift ctrl d" />
  </action>
  <action id="EditorDuplicate">
    <keyboard-shortcut first-keystroke="ctrl d" />
  </action>
  <action id="EditorLookupDown" />
  <action id="EditorMatchBrace">
    <keyboard-shortcut first-keystroke="ctrl b" />
    <mouse-shortcut keystroke="alt button142" />
  </action>
  <action id="EditorMoveDownAndScroll">
    <keyboard-shortcut first-keystroke="ctrl down" />
  </action>
  <action id="EditorNextWordInDifferentHumpsMode">
    <keyboard-shortcut first-keystroke="alt right" />
  </action>
  <action id="EditorNextWordInDifferentHumpsModeWithSelection">
    <keyboard-shortcut first-keystroke="shift alt right" />
  </action>
  <action id="EditorNextWordWithSelection">
    <keyboard-shortcut first-keystroke="shift ctrl right" />
  </action>
  <action id="EditorPasteFromX11" />
  <action id="EditorPreviousWordInDifferentHumpsMode">
    <keyboard-shortcut first-keystroke="alt left" />
  </action>
  <action id="EditorPreviousWordInDifferentHumpsModeWithSelection">
    <keyboard-shortcut first-keystroke="shift ctrl alt left" />
    <keyboard-shortcut first-keystroke="shift alt left" />
  </action>
  <action id="EditorPreviousWordWithSelection">
    <keyboard-shortcut first-keystroke="shift ctrl left" />
  </action>
  <action id="EditorScrollDown" />
  <action id="EditorSelectWord">
    <keyboard-shortcut first-keystroke="shift alt up" />
    <keyboard-shortcut first-keystroke="alt j" />
  </action>
  <action id="EditorStartNewLine" />
  <action id="EditorToggleCase">
    <keyboard-shortcut first-keystroke="shift ctrl u" />
    <keyboard-shortcut first-keystroke="shift ctrl x" />
  </action>
  <action id="EditorUnSelectWord">
    <keyboard-shortcut first-keystroke="shift alt down" />
    <keyboard-shortcut first-keystroke="alt n" />
  </action>
  <action id="FindInPath">
    <keyboard-shortcut first-keystroke="shift ctrl f" />
  </action>
  <action id="FindNext">
    <keyboard-shortcut first-keystroke="ctrl k" />
    <keyboard-shortcut first-keystroke="f3" />
  </action>
  <action id="FindPrevious">
    <keyboard-shortcut first-keystroke="shift ctrl k" />
    <keyboard-shortcut first-keystroke="shift ctrl f3" />
  </action>
  <action id="ForceRunToCursor">
    <keyboard-shortcut first-keystroke="ctrl alt f9" />
    <keyboard-shortcut first-keystroke="ctrl r" />
  </action>
  <action id="Forward">
    <keyboard-shortcut first-keystroke="shift ctrl tab" />
  </action>
  <action id="GotoDeclaration">
    <mouse-shortcut keystroke="control button1" />
    <keyboard-shortcut first-keystroke="alt t" />
  </action>
  <action id="GotoNextBookmark">
    <keyboard-shortcut first-keystroke="f1" />
  </action>
  <action id="GotoPreviousBookmark">
    <keyboard-shortcut first-keystroke="f2" />
  </action>
  <action id="GotoSuperMethod">
    <keyboard-shortcut first-keystroke="alt f3" />
  </action>
  <action id="GotoSymbol">
    <keyboard-shortcut first-keystroke="shift ctrl alt n" />
    <keyboard-shortcut first-keystroke="shift ctrl y" />
  </action>
  <action id="GuiDesigner.QuickJavadoc">
    <mouse-shortcut keystroke="alt button2" />
    <keyboard-shortcut first-keystroke="shift ctrl space" />
  </action>
  <action id="JumpToLastWindow">
    <keyboard-shortcut first-keystroke="shift escape" />
  </action>
  <action id="JumpToNextChange">
    <keyboard-shortcut first-keystroke="shift ctrl q" />
  </action>
  <action id="LocalHistory.ShowHistory">
    <keyboard-shortcut first-keystroke="alt f" />
  </action>
  <action id="MethodDown">
    <keyboard-shortcut first-keystroke="shift ctrl down" />
    <mouse-shortcut keystroke="control button142" />
  </action>
  <action id="MethodUp">
    <keyboard-shortcut first-keystroke="shift ctrl up" />
    <mouse-shortcut keystroke="control button143" />
  </action>
  <action id="MoveEditorToOppositeTabGroup">
    <mouse-shortcut keystroke="button5" />
  </action>
  <action id="NextEditorTab" />
  <action id="NextSplitter">
    <keyboard-shortcut first-keystroke="alt e" />
  </action>
  <action id="NextTab">
    <keyboard-shortcut first-keystroke="ctrl f6" />
    <keyboard-shortcut first-keystroke="ctrl alt left" />
    <keyboard-shortcut first-keystroke="ctrl page_down" />
    <keyboard-shortcut first-keystroke="alt c" />
  </action>
  <action id="OpenEditorInOppositeTabGroup">
    <mouse-shortcut keystroke="button4" />
  </action>
  <action id="ParameterInfo">
    <mouse-shortcut keystroke="control button2" />
  </action>
  <action id="PreviousTab">
    <keyboard-shortcut first-keystroke="shift ctrl f6" />
    <keyboard-shortcut first-keystroke="ctrl alt right" />
    <keyboard-shortcut first-keystroke="ctrl page_up" />
    <keyboard-shortcut first-keystroke="alt v" />
  </action>
  <action id="QuickEvaluateExpression">
    <keyboard-shortcut first-keystroke="ctrl alt f8" />
  </action>
  <action id="QuickImplementations">
    <keyboard-shortcut first-keystroke="shift ctrl i" />
    <mouse-shortcut keystroke="alt button1" />
  </action>
  <action id="QuickJavaDoc">
    <mouse-shortcut keystroke="alt button2" />
    <keyboard-shortcut first-keystroke="shift ctrl space" />
  </action>
  <action id="RecentChanges">
    <keyboard-shortcut first-keystroke="shift ctrl alt e" />
  </action>
  <action id="ReformatCode">
    <keyboard-shortcut first-keystroke="ctrl alt l" />
  </action>
  <action id="Replace">
    <keyboard-shortcut first-keystroke="ctrl f" />
    <mouse-shortcut keystroke="button2" />
  </action>
  <action id="ReplaceInPath">
    <keyboard-shortcut first-keystroke="shift alt h" />
  </action>
  <action id="Resume">
    <keyboard-shortcut first-keystroke="f8" />
    <keyboard-shortcut first-keystroke="f9" />
    <keyboard-shortcut first-keystroke="alt d" />
  </action>
  <action id="RunToCursor" />
  <action id="SmartTypeCompletion">
    <keyboard-shortcut first-keystroke="shift alt space" />
    <keyboard-shortcut first-keystroke="shift enter" />
  </action>
  <action id="SwitchApply">
    <keyboard-shortcut first-keystroke="shift alt enter" />
  </action>
  <action id="SwitchDown">
    <keyboard-shortcut first-keystroke="shift alt down" />
  </action>
  <action id="SwitchLeft">
    <keyboard-shortcut first-keystroke="shift alt left" />
  </action>
  <action id="SwitchRight">
    <keyboard-shortcut first-keystroke="shift alt right" />
  </action>
  <action id="SwitchUp">
    <keyboard-shortcut first-keystroke="shift alt up" />
  </action>
  <action id="Switcher" />
  <action id="ToggleBookmark">
    <keyboard-shortcut first-keystroke="shift ctrl f11" />
    <keyboard-shortcut first-keystroke="shift ctrl f1" />
  </action>
  <action id="Vcs.ShowTabbedFileHistory">
    <keyboard-shortcut first-keystroke="alt h" />
  </action>
  <action id="XDebugger.MuteBreakpoints">
    <keyboard-shortcut first-keystroke="alt s" />
  </action>
</keymap>