<keymap version="1" name="Windows copy" parent="$default">
  <action id="Diff.FocusOppositePane" />
  <action id="EditorUnindentSelection" />
  <action id="GoToLastTab">
    <keyboard-shortcut first-keystroke="ctrl tab" />
  </action>
  <action id="NextTab">
    <keyboard-shortcut first-keystroke="shift tab" />
  </action>
  <action id="PrevParameter" />
  <action id="PrevTemplateParameter" />
  <action id="PreviousEditorTab" />
  <action id="PreviousTab" />
  <action id="PreviousTemplateVariable" />
  <action id="SearchEverywhere.PrevTab" />
  <action id="Switcher">
    <keyboard-shortcut first-keystroke="shift ctrl tab" />
  </action>
</keymap>